,uniprot,copies_per_cell,CV,stdev
0,P0A8T7,2180,10.69,233.042
1,P0A8V2,2661,10.33,274.8813
2,P36683,22844,8.11,1852.6483999999998
3,P15254,1438,1.02,14.6676
4,P09831,1363,21.93,298.9059
5,P0AFG8,2445,9.05,221.27250000000004
6,P0A9Q7,4510,11.05,498.355
7,P0CE47,149278,2.92,4358.9176
8,P25665,17413,8.05,1401.7465
9,P0A6F5,19540,1.93,377.12199999999996
10,P00968,1514,10.74,162.6036
11,P09373,5645,14.64,826.428
12,P0A6Y8,14174,2.21,313.24539999999996
13,P05793,15604,6.0,936.24
14,P0A705,1912,12.07,230.7784
15,P00864,1349,20.43,275.6007
16,P0A6M8,21360,4.89,1044.504
17,P00957,1133,8.32,94.26559999999999
18,P00961,1959,8.44,165.3396
19,P76558,1504,9.51,143.03040000000001
20,P0AG67,10729,1.98,212.43419999999998
21,P07813,1202,3.59,43.1518
22,P00561,2108,17.17,361.94360000000006
23,P0AFG3,4195,16.78,703.921
24,P00956,1348,1.86,25.0728
25,P25553,17217,1.8,309.90600000000006
26,P06959,3567,4.27,152.31089999999998
27,P23847,8170,6.44,526.148
28,P07395,2818,7.27,204.86860000000001
29,P21889,1505,7.11,107.0055
30,P07118,828,7.4,61.272000000000006
31,P10408,451,11.51,51.9101
32,P08200,30054,0.73,219.3942
33,P0ABB4,16016,1.74,278.67839999999995
34,P0AES4,479,11.1,53.169000000000004
35,P13029,2683,6.13,164.46790000000001
36,P04825,1215,3.09,37.543499999999995
37,P0A9G6,242737,5.55,13471.9035
38,P0AD61,4455,6.57,292.69350000000003
39,P09546,117,19.74,23.0958
40,P0AC33,4783,1.36,65.0488
41,P0A6P1,8017,3.67,294.22389999999996
42,P08839,2651,8.34,221.0934
43,P0A6Z3,1330,4.51,59.983000000000004
44,P0A6E4,2393,7.39,176.84269999999998
45,P21179,2061,12.11,249.5871
46,P0A6F3,527,2.49,13.122300000000001
47,P0A850,11077,1.44,159.5088
48,P0A6T1,2918,5.74,167.4932
49,P05055,2343,17.03,399.0129
50,P0A9M8,877,15.76,138.21519999999998
51,P0A940,1167,4.81,56.1327
52,P0AC41,6360,8.99,571.764
53,P27550,6590,6.81,448.77899999999994
54,P23538,2609,7.67,200.11030000000002
55,P04079,1392,7.03,97.8576
56,P0A9M0,678,2.42,16.4076
57,P22523,152,13.57,20.626400000000004
58,P0A799,29802,2.74,816.5748
59,P23843,2957,11.78,348.33459999999997
60,P0A825,9091,5.89,535.4599
61,P08997,20350,3.18,647.13
62,P21513,565,26.5,149.725
63,P0A9W3,1597,4.0,63.88
64,P0A9A6,3181,3.22,102.4282
65,P0AES6,528,12.63,66.68639999999999
66,P0A8M3,646,6.79,43.8634
67,P00370,3650,10.1,368.65
68,P33602,871,6.98,60.7958
69,P0A9B2,20252,7.76,1571.5552
70,P15639,1138,5.06,57.5828
71,P25516,1601,1.53,24.4953
72,P00582,352,14.73,51.8496
73,P0A853,2409,7.95,191.5155
74,P33599,889,4.7,41.783
75,P17846,1575,16.82,264.915
76,P0ABH7,34014,3.05,1037.427
77,P0A9C5,4983,13.63,679.1829
78,P37685,1711,14.93,255.45229999999998
79,P09151,4243,12.7,538.861
80,P37330,2377,10.0,237.70000000000002
81,P06149,672,5.33,35.8176
82,P0A910,74605,8.15,6080.3075
83,P0ABB0,11045,7.55,833.8974999999999
84,P60422,6847,13.34,913.3897999999999
85,P16659,2267,11.09,251.4103
86,P17169,1661,4.77,79.2297
87,P0A6B7,9479,6.01,569.6879
88,P27298,1084,5.03,54.525200000000005
89,P00452,348,13.39,46.59720000000001
90,P35340,2203,10.58,233.0774
91,P13035,107,5.72,6.1204
92,P0ADG7,4041,7.34,296.6094
93,P0AG30,2062,11.22,231.3564
94,P0AAI3,1234,2.04,25.1736
95,P0A817,3546,2.79,98.9334
96,P38038,1571,17.27,271.3117
97,P61889,119781,9.05,10840.180500000002
98,P0AD96,21124,13.47,2845.4028000000003
99,P00350,5501,2.64,145.2264
100,P0A7Z4,11406,9.95,1134.897
101,P0AFF6,2771,5.12,141.8752
102,Q59385,3707,13.25,491.1775
103,P0AEE5,19551,11.87,2320.7036999999996
104,P0A8N3,1556,5.13,79.8228
105,P00959,1094,0.73,7.9862
106,P13009,178,17.86,31.790799999999997
107,P0ABK5,66764,6.73,4493.2172
108,P0AB71,11352,4.44,504.02880000000005
109,P77804,1121,10.18,114.1178
110,P32132,798,15.75,125.685
111,P06971,584,5.85,34.164
112,P0ADY1,813,5.14,41.788199999999996
113,P30850,613,19.44,119.16720000000001
114,P00962,593,13.8,81.834
115,P0A9P0,9067,2.89,262.03630000000004
116,P0A870,6722,2.78,186.8716
117,P00934,5601,5.04,282.2904
118,P0ACY3,692,3.81,26.3652
119,P36938,1344,5.63,75.6672
120,P68767,710,8.22,58.36200000000001
121,P21177,611,4.54,27.739400000000003
122,P23865,362,12.96,46.915200000000006
123,P23845,689,23.6,162.604
124,P0A786,7536,14.91,1123.6176
125,P75691,2785,8.14,226.699
126,P0A8M0,3184,2.76,87.8784
127,P0A8L1,1949,5.93,115.5757
128,P0AEX9,3656,17.82,651.4992
129,P05791,504,4.61,23.2344
130,P0ABZ6,900,10.73,96.57000000000001
131,P21499,238,16.85,40.103
132,P77748,209,9.81,20.5029
133,P0A7V0,13074,7.1,928.2539999999999
134,P17315,234,13.25,31.005000000000003
135,P00509,7853,10.45,820.6385
136,P0AGE9,25370,5.95,1509.515
137,P0A836,19647,12.8,2514.8160000000003
138,P05020,2403,5.84,140.33520000000001
139,P69786,559,8.03,44.887699999999995
140,P04805,1455,3.73,54.2715
141,P0C0V0,1531,10.27,157.2337
142,P11447,1219,5.85,71.3115
143,P31554,295,2.02,5.959
144,P0C8J6,38995,13.8,5381.31
145,P06612,205,9.66,19.803
146,P22106,972,17.55,170.586
147,P11875,445,9.45,42.052499999999995
148,P0ABH9,357,15.17,54.1569
149,P33363,117,9.96,11.653200000000002
150,P0A953,10932,1.56,170.53920000000002
151,P0A7D4,5986,15.83,947.5838
152,P08312,2651,5.02,133.0802
153,P0A6H1,1568,1.81,28.3808
154,P37689,460,3.0,13.799999999999999
155,P0A6H5,859,2.26,19.4134
156,P24182,1046,3.25,33.995000000000005
157,Q47146,311,17.6,54.736000000000004
158,P0A7E5,390,7.07,27.573
159,P07014,7106,4.87,346.0622
160,P00895,466,11.07,51.586200000000005
161,P0C8J8,11766,11.51,1354.2666
162,P26616,612,12.37,75.70439999999999
163,P30958,73,14.6,10.658
164,P08142,1405,1.21,17.0005
165,P09832,1293,3.32,42.9276
166,P0AEM9,9115,11.67,1063.7205
167,P23721,8002,2.6,208.05200000000002
168,P02930,3449,2.72,93.81280000000001
169,P0AFG6,10292,12.3,1265.9160000000002
170,P62399,13321,0.77,102.5717
171,P0A867,1327,9.29,123.2783
172,P22259,7097,5.82,413.04540000000003
173,P0AC53,625,5.42,33.875
174,P0ABD5,1944,3.04,59.0976
175,P08660,1318,9.75,128.505
176,P0ABC7,980,5.72,56.056
177,P05459,381,0.25,0.9525
178,P0A7A7,162,19.9,32.238
179,P38054,372,38.24,142.2528
180,P00944,219,12.63,27.659699999999997
181,P07023,866,3.92,33.9472
182,P0A6P9,19247,0.19,36.5693
183,P09169,8657,7.93,686.5001
184,P09551,12700,7.51,953.77
185,P05825,131,2.63,3.4453
186,P75780,98,13.22,12.9556
187,P18843,2353,3.75,88.2375
188,P27302,2661,3.56,94.7316
189,P37095,2673,2.01,53.72729999999999
190,P0ABP8,2242,2.86,64.1212
191,Q46856,453,15.18,68.7654
192,P0ADE8,1629,4.87,79.3323
193,P24171,532,9.53,50.6996
194,P0AFK0,878,13.3,116.774
195,P27306,1315,2.55,33.5325
196,P0A698,105,11.95,12.5475
197,P31660,156,4.92,7.6752
198,P02931,20980,16.87,3539.3260000000005
199,P0A7L0,11672,4.0,466.88
200,P02925,13630,11.54,1572.9019999999998
201,P37902,4577,7.29,333.66330000000005
202,P00550,812,6.52,52.94239999999999
203,P67910,2286,7.24,165.5064
204,P0A9X4,2216,8.12,179.9392
205,P0AE06,1248,1.09,13.6032
206,P0AEK4,2894,7.25,209.815
207,P18335,1549,6.9,106.88100000000001
208,P0A879,2213,8.32,184.1216
209,P0A903,903,6.31,56.97929999999999
210,P06715,765,2.38,18.206999999999997
211,P0AB89,714,9.73,69.4722
212,P60906,979,6.4,62.656
213,P0A796,834,6.15,51.291000000000004
214,P33195,211,11.71,24.7081
215,P00490,157,6.96,10.9272
216,P02943,1032,22.2,229.104
217,P11454,33,38.57,12.7281
218,P0A6A6,3551,5.97,211.9947
219,P00562,182,19.63,35.7266
220,P31979,510,13.16,67.116
221,P06996,42037,16.25,6831.0125
222,P76116,1708,12.74,217.59920000000002
223,P0A858,7717,5.85,451.44449999999995
224,P0A7V3,7222,17.54,1266.7388
225,P0AB91,2754,10.94,301.2876
226,P0A6K6,1327,13.4,177.818
227,P69441,4032,3.78,152.4096
228,P69797,1954,1.85,36.14900000000001
229,P16700,2680,9.54,255.67199999999997
230,P21599,1421,4.72,67.0712
231,P31120,729,9.32,67.9428
232,P25526,1074,13.77,147.88979999999998
233,P00393,236,5.84,13.7824
234,P0AEZ1,2229,6.75,150.4575
235,P21170,637,6.91,44.0167
236,P60785,349,16.67,58.17830000000001
237,P0AGD7,469,15.23,71.42869999999999
238,P0AG90,300,13.12,39.35999999999999
239,P45464,306,1.42,4.345199999999999
240,P0A8J8,349,7.81,27.2569
241,P60240,65,16.37,10.640500000000001
242,P46837,104,17.35,18.044
243,P0AB77,146,20.28,29.608800000000002
244,P0ABT2,9277,5.21,483.3317
245,P02359,22645,9.47,2144.4815000000003
246,P0A9T0,4662,2.64,123.0768
247,P0A9Q9,8323,8.61,716.6102999999999
248,P0A991,4226,14.03,592.9078
249,P52697,2924,22.48,657.3152
250,P0A7V8,6650,7.39,491.43499999999995
251,P0AB24,284,9.73,27.6332
252,P19926,1380,2.69,37.122
253,P0A715,2683,12.07,323.8381
254,P0AEP3,1074,10.59,113.7366
255,P0AEZ3,2638,4.9,129.262
256,P08506,1028,6.24,64.1472
257,P0ABJ1,2103,11.81,248.36430000000001
258,P33221,733,3.87,28.367099999999997
259,P21165,1083,4.06,43.9698
260,P33136,555,7.78,43.179
261,P07004,686,8.94,61.328399999999995
262,P06129,436,8.45,36.842
263,P77735,547,7.28,39.821600000000004
264,P22256,1061,2.98,31.6178
265,P0A7I4,402,8.83,35.4966
266,P23830,283,18.19,51.4777
267,P0AE78,349,17.15,59.8535
268,P0A7B5,435,16.86,73.341
269,P76578,53,13.88,7.356400000000001
270,P18956,153,15.2,23.256
271,P77243,120,9.28,11.136
272,P0A8F0,11467,3.07,352.0369
273,P60438,8089,1.95,157.7355
274,P0A717,5519,5.79,319.5501
275,P09372,4235,5.81,246.05349999999999
276,P0AEU0,4228,2.42,102.3176
277,P15288,2837,5.84,165.6808
278,P0A9D8,4577,8.65,395.9105
279,P0A6A3,1458,4.34,63.2772
280,P12758,3105,27.41,851.0805
281,P0ABD3,8229,9.69,797.3901
282,P23908,800,11.78,94.24
283,P23836,2950,3.61,106.495
284,P0AC38,780,0.74,5.772
285,P0ABA6,1640,1.77,29.028000000000002
286,P76177,1567,4.59,71.9253
287,P60757,1005,1.19,11.959499999999998
288,P00893,307,1.35,4.144500000000001
289,P0ACC7,266,15.68,41.7088
290,P15034,694,1.19,8.2586
291,P05042,958,5.75,55.085
292,P77239,1923,21.18,407.29139999999995
293,P07650,95,9.14,8.683000000000002
294,Q46829,276,4.62,12.751199999999999
295,P62620,357,12.58,44.910599999999995
296,P18133,368,9.17,33.7456
297,P32176,15,66.05,9.907499999999999
298,P28635,12300,4.32,531.36
299,P45578,5305,5.43,288.06149999999997
300,P02358,8724,8.16,711.8784
301,P0A7W1,8213,3.27,268.5651
302,P0AEQ3,6784,13.9,942.9760000000001
303,P33570,962,7.99,76.8638
304,P0AAB6,2677,7.7,206.129
305,P04036,1619,1.59,25.7421
306,P09424,967,5.28,51.0576
307,P0AB67,835,13.33,111.3055
308,P0AGJ9,1118,12.36,138.1848
309,P23893,1538,7.43,114.27339999999998
310,P07001,598,4.72,28.2256
311,Q46857,321,4.02,12.904199999999998
312,P15640,802,7.92,63.51839999999999
313,P0AE18,1055,11.41,120.3755
314,P15877,28,31.06,8.6968
315,P0A7G6,1138,5.85,66.573
316,P37666,852,1.42,12.0984
317,P0A8W8,858,9.98,85.6284
318,P76658,424,2.9,12.296
319,P0A7E1,615,12.41,76.3215
320,P39342,154,10.74,16.5396
321,P13482,146,3.92,5.723199999999999
322,P04693,1566,4.57,71.56620000000001
323,P09323,387,2.91,11.261700000000001
324,P0A6W9,335,2.6,8.71
325,P15042,215,3.82,8.213
326,P37759,549,14.07,77.2443
327,P0AEI1,314,11.1,34.854
328,P21507,287,16.53,47.4411
329,P0A749,354,9.49,33.5946
330,P0A887,572,3.55,20.305999999999997
331,P77488,210,10.04,21.083999999999996
332,P07604,76,9.86,7.4936
333,P00963,535,11.15,59.6525
334,P04968,62,8.89,5.5118
335,P0AA39,59,6.91,4.076899999999999
336,P62707,10381,6.13,636.3553
337,P0AF96,17332,1.67,289.4444
338,P0A7D7,4918,3.04,149.5072
339,P0AE08,56567,8.28,4683.7476
340,P0A6F1,2961,4.59,135.9099
341,P0A6L0,855,4.73,40.441500000000005
342,P0ACA3,3173,1.42,45.056599999999996
343,P0AE52,3520,3.87,136.224
344,P0A855,869,4.89,42.494099999999996
345,P0A9P4,2115,8.47,179.14050000000003
346,P25524,1422,4.2,59.724000000000004
347,P04816,1108,12.62,139.82959999999997
348,P31224,212,9.73,20.6276
349,P0ACJ8,2421,0.98,23.7258
350,P0AFG0,2575,2.48,63.86
351,P07012,1143,3.48,39.776399999999995
352,P00579,435,12.4,53.94
353,P0A877,2383,3.9,92.937
354,P0A9C3,1130,4.04,45.652
355,P0AEB2,614,4.19,25.726600000000005
356,P0A6R0,1481,4.87,72.1247
357,P39099,702,2.46,17.2692
358,P0ABU2,915,4.42,40.443
359,P29217,733,8.64,63.3312
360,P37329,605,9.84,59.532000000000004
361,P0ABH0,579,7.78,45.046200000000006
362,P27248,251,10.9,27.358999999999998
363,P0A6Z1,269,3.16,8.5004
364,P30871,201,7.88,15.838799999999999
365,P04335,165,1.16,1.914
366,P0AGC3,72,8.57,6.1704
367,P0A9P6,155,10.52,16.306
368,P00888,1423,3.77,53.647099999999995
369,P77718,83,21.31,17.687299999999997
370,P0A9C0,15,14.44,2.166
371,P63389,35,3.96,1.386
372,P06993,24,8.46,2.0304
373,P00448,24614,12.28,3022.5991999999997
374,P0AG55,8547,8.51,727.3497
375,P0A8M6,10290,6.42,660.6179999999999
376,P0AFK9,1690,6.14,103.76599999999999
377,P30125,7245,4.68,339.066
378,P64451,1316,5.07,66.7212
379,P30859,2216,11.53,255.5048
380,P0AAI5,1236,11.05,136.578
381,P06999,805,6.88,55.384
382,P76372,842,4.92,41.4264
383,P06988,1065,8.17,87.0105
384,P63224,3258,5.3,172.674
385,P0AEK2,2521,5.04,127.0584
386,P10121,690,12.5,86.25
387,P0A6D3,637,4.04,25.7348
388,P76108,291,12.95,37.6845
389,P0A6T5,2920,6.24,182.208
390,P11557,531,4.68,24.850799999999996
391,P26646,1012,3.37,34.1044
392,P0AEE1,1141,7.57,86.3737
393,P0ADV7,801,3.28,26.272799999999997
394,P0ABC3,725,8.75,63.43749999999999
395,P00946,901,7.13,64.2413
396,P0A993,1859,7.21,134.0339
397,P08622,494,12.28,60.663199999999996
398,P00954,925,8.46,78.25500000000001
399,P0A8N5,267,10.22,27.287400000000005
400,P00904,523,3.57,18.6711
401,P0AG80,163,6.53,10.6439
402,P06986,653,9.76,63.7328
403,P23839,635,9.87,62.674499999999995
404,D9IX93,274,13.25,36.305
405,P0A9J8,1075,7.31,78.5825
406,P0ACP7,546,13.99,76.3854
407,P77211,1188,20.82,247.3416
408,P77674,514,4.94,25.391600000000004
409,Q46851,830,9.27,76.94099999999999
410,P09147,526,9.11,47.9186
411,P0A6V8,600,13.2,79.2
412,P0A8F8,113,12.12,13.695599999999999
413,P0A847,369,2.85,10.5165
414,P0A6T3,520,2.84,14.767999999999999
415,P0A8E1,733,6.12,44.8596
416,P76015,645,5.87,37.8615
417,P0ABQ0,223,17.69,39.4487
418,P30011,405,7.65,30.982499999999998
419,P37747,607,8.45,51.29149999999999
420,P0A9U3,137,8.31,11.3847
421,P08957,105,9.07,9.5235
422,P0ACQ4,209,12.48,26.0832
423,P0A6P5,182,17.1,31.122000000000003
424,P76403,169,12.17,20.5673
425,P0AAG8,115,6.59,7.5785
426,P69783,17108,1.88,321.63039999999995
427,P0A8G6,8249,7.45,614.5504999999999
428,P0ADE6,3065,20.98,643.037
429,P0A7W7,9190,5.21,478.799
430,P0A707,3918,1.59,62.296200000000006
431,P45523,2885,3.33,96.07050000000001
432,P0AAC0,1492,3.58,53.413599999999995
433,P0ABA4,5679,13.69,777.4551
434,P0A805,3121,4.78,149.18380000000002
435,P07003,435,4.41,19.1835
436,P0AAI9,2024,6.82,138.0368
437,P0A6Y5,1452,0.3,4.356
438,P31057,2650,12.2,323.3
439,P31663,1092,8.73,95.33160000000001
440,P04425,1116,11.01,122.8716
441,P07024,300,3.84,11.52
442,P06987,863,8.62,74.39059999999999
443,P0A9K3,488,4.11,20.056800000000003
444,P0A6C8,2343,3.7,86.69100000000002
445,P77689,192,14.28,27.417599999999997
446,P0AA16,703,2.0,14.06
447,P69811,138,12.72,17.5536
448,P0AE12,393,16.68,65.5524
449,P60560,650,0.84,5.46
450,P09127,429,4.77,20.463299999999997
451,P0A6V1,288,8.31,23.9328
452,P06721,760,11.64,88.464
453,P16456,671,2.99,20.062900000000003
454,P22188,509,5.35,27.2315
455,P21888,277,8.57,23.7389
456,P00935,1074,7.54,80.97959999999999
457,P25522,228,11.95,27.246
458,P02924,145,18.97,27.506499999999996
459,P05194,429,9.49,40.7121
460,P37744,405,5.85,23.6925
461,P39180,74,5.21,3.8554
462,P24215,347,5.39,18.7033
463,P25437,535,7.96,42.586000000000006
464,P69831,2414,10.38,250.5732
465,P38489,713,3.15,22.4595
466,P0AG16,280,9.39,26.292
467,P0A7B1,62,28.25,17.514999999999997
468,P17854,707,13.28,93.8896
469,P16676,564,27.35,154.25400000000002
470,P21156,589,12.04,70.9156
471,P09394,92,11.99,11.030800000000001
472,P0A6C5,157,19.94,31.305800000000005
473,P36979,137,12.51,17.1387
474,P09053,363,9.52,34.5576
475,P14081,28,10.26,2.8728
476,P0A862,17469,16.75,2926.0575000000003
477,P0ACF8,25196,12.72,3204.9312
478,P0AEZ9,2618,11.17,292.43059999999997
479,P0A9Q1,3058,3.5,107.03000000000002
480,P68919,9904,8.2,812.1279999999999
481,P0ABS1,3644,14.64,533.4816
482,P0AC59,1907,4.01,76.4707
483,P10384,2176,15.01,326.61760000000004
484,P0ABA0,5495,3.86,212.10699999999997
485,P0ACJ0,5416,19.17,1038.2472
486,P0A6X7,3415,8.52,290.95799999999997
487,P37903,3199,15.36,491.36639999999994
488,P0A7J7,4425,2.84,125.66999999999999
489,P39177,1352,5.4,73.00800000000001
490,P0A7X3,4480,7.19,322.112
491,P28304,1623,7.19,116.6937
492,P0A6L2,2275,10.33,235.0075
493,P22255,823,5.0,41.150000000000006
494,P0ACG1,2121,7.42,157.3782
495,P0ADN2,3271,4.76,155.69959999999998
496,P39325,529,12.48,66.0192
497,P0ADW3,2959,4.91,145.2869
498,P37051,1139,8.39,95.5621
499,P39831,1926,7.03,135.3978
500,P0A8K1,905,11.7,105.88499999999999
501,P25906,947,6.46,61.1762
502,P76113,685,5.83,39.9355
503,P30177,602,3.93,23.6586
504,P77774,656,6.26,41.0656
505,Q46845,995,5.77,57.4115
506,P0A759,704,5.55,39.072
507,P77444,413,15.94,65.8322
508,P16703,858,3.56,30.5448
509,P0A9Q5,858,5.01,42.9858
510,P0AFL3,2336,13.11,306.2496
511,P30178,983,7.31,71.8573
512,P69451,228,5.71,13.018799999999999
513,P45577,1374,13.01,178.7574
514,P0AC02,639,7.16,45.7524
515,P0AG84,187,13.94,26.0678
516,P0AG14,269,8.37,22.5153
517,P00909,334,4.85,16.198999999999998
518,P11446,833,5.17,43.0661
519,P29745,314,6.69,21.0066
520,P36767,280,9.38,26.264000000000003
521,P0AES0,68,12.16,8.2688
522,P0A8G3,167,9.28,15.497599999999998
523,P0AAB4,283,19.35,54.7605
524,P69805,242,11.54,27.926799999999997
525,P76268,444,9.26,41.1144
526,P37349,69,17.6,12.144000000000002
527,P0AAG0,389,12.93,50.2977
528,P39286,196,6.37,12.4852
529,P08331,262,3.22,8.436399999999999
530,P0A821,107,12.61,13.4927
531,P27249,112,18.04,20.2048
532,P0A6J8,97,7.43,7.207099999999999
533,P25519,171,11.48,19.6308
534,P0A9F3,303,15.1,45.753
535,P0A9K7,203,2.19,4.4456999999999995
536,P76536,426,5.48,23.3448
537,P0AFD1,785,7.91,62.093500000000006
538,P37636,26,24.97,6.4921999999999995
539,P24232,44,9.44,4.1536
540,P77247,362,5.03,18.2086
541,P0AG20,52,26.9,13.987999999999998
542,P37313,416,2.66,11.065600000000002
543,P13024,208,7.57,15.745600000000001
544,P69776,41895,8.48,3552.696
545,P0AED0,42810,9.2,3938.52
546,P0A912,12382,3.76,465.56319999999994
547,P0A7R5,16172,4.05,654.966
548,P60624,18421,8.1,1492.101
549,P60723,8448,3.82,322.7136
550,P0A8E7,6357,10.21,649.0497
551,P0AG44,6185,4.63,286.3655
552,P0A7A9,5608,3.71,208.0568
553,P0A7S9,12255,5.35,655.6425
554,P21367,1751,3.37,59.008700000000005
555,P31133,2600,7.62,198.12
556,P0ADY3,3744,11.46,429.0624
557,P30860,3130,6.51,203.76299999999998
558,P31658,1217,9.48,115.37160000000002
559,P0AEG4,2134,9.99,213.1866
560,P0ABI8,848,12.58,106.6784
561,P24186,1227,5.87,72.0249
562,P0A7Z0,2367,8.21,194.3307
563,P0A8B5,3611,7.38,266.4918
564,P08178,1193,3.74,44.6182
565,P46130,797,3.93,31.322100000000002
566,P31142,1264,2.84,35.8976
567,P25714,486,19.58,95.15879999999999
568,P77499,394,3.0,11.82
569,P08244,586,6.3,36.918
570,P0A8P3,1613,2.75,44.3575
571,P0ABJ9,428,20.64,88.3392
572,P77522,215,9.95,21.3925
573,P0AAT9,463,3.46,16.0198
574,P23882,631,5.97,37.6707
575,P04846,1213,18.3,221.97899999999998
576,P0A9V1,917,4.9,44.933
577,P17952,321,4.36,13.9956
578,P12008,518,7.21,37.3478
579,P0AF28,1109,5.72,63.4348
580,P06610,1221,3.52,42.979200000000006
581,P0ADG4,730,4.88,35.623999999999995
582,P33920,480,16.97,81.45599999999999
583,P0AFM6,803,10.13,81.3439
584,P75913,727,3.49,25.3723
585,P0A9D2,856,12.53,107.2568
586,P76143,266,30.22,80.3852
587,P00547,380,28.91,109.858
588,P11880,509,7.9,40.211
589,P46853,334,10.11,33.767399999999995
590,P0ADR8,183,15.29,27.980699999999995
591,P09030,441,8.38,36.9558
592,P21151,834,10.76,89.7384
593,P0AG82,230,2.05,4.714999999999999
594,P0AEG6,475,45.86,217.835
595,P60390,308,5.19,15.9852
596,P0AET8,363,7.96,28.8948
597,P0A6D7,887,4.85,43.019499999999994
598,P0ACA7,802,10.43,83.6486
599,P0AF20,100,10.13,10.13
600,P75823,449,3.29,14.7721
601,P06983,135,6.77,9.1395
602,P67087,243,13.98,33.9714
603,P0ACB7,125,11.61,14.5125
604,P02919,55,27.02,14.861
605,P0A6J5,163,19.0,30.97
606,P0A7C2,479,7.79,37.314099999999996
607,P17993,975,9.12,88.91999999999999
608,P0ADF8,1846,34.94,644.9924
609,P0ACB0,162,16.66,26.9892
610,P77399,97,8.78,8.516599999999999
611,P39401,54,11.37,6.1398
612,P0A894,165,15.67,25.8555
613,P30126,6651,18.33,1219.1282999999999
614,P43672,95,13.78,13.091000000000001
615,P76097,55,17.84,9.812
616,P42593,184,8.72,16.0448
617,P0A8I3,432,2.93,12.657600000000002
618,P43329,20,11.85,2.37
619,P76027,84,9.14,7.677600000000001
620,P76503,131,11.43,14.9733
621,P0AEJ2,73,16.93,12.3589
622,P33940,47,17.58,8.262599999999999
623,P00926,28,4.47,1.2515999999999998
624,P0AEI4,112,6.27,7.022399999999999
625,P76621,251,28.09,70.5059
626,P77318,136,15.84,21.542399999999997
627,P11458,221,20.75,45.857499999999995
628,P04949,3,31.37,0.9411
629,P0AFH8,6009,2.04,122.5836
630,P0A917,6152,14.61,898.8072000000001
631,P0A7J3,14819,12.94,1917.5785999999998
632,P0AA10,13480,3.75,505.5
633,P0A905,9998,2.52,251.9496
634,P0A7F3,12205,8.0,976.4
635,P0ADB1,6882,21.42,1474.1244000000002
636,P0A6E6,7138,6.15,438.987
637,P0A9A9,3805,10.85,412.8425
638,P61517,2124,9.21,195.62040000000005
639,P0C0S1,1640,10.12,165.968
640,P75874,1506,3.46,52.1076
641,P0AGE6,2670,11.08,295.836
642,P0AAX8,1610,5.25,84.52499999999999
643,P0A7K6,2860,11.95,341.77
644,P62768,1944,13.86,269.4384
645,P39173,1491,3.9,58.149
646,P0ABF6,245,15.91,38.979499999999994
647,P0ABU5,1811,14.27,258.42969999999997
648,P33232,304,5.1,15.504
649,P64604,526,6.59,34.6634
650,P69407,1535,5.81,89.1835
651,P0AF08,704,2.0,14.08
652,P00960,913,12.18,111.20339999999999
653,P0AG78,1106,26.76,295.9656
654,P0AF18,380,7.66,29.108
655,P0A8H6,735,9.93,72.9855
656,P0AA43,818,6.61,54.06980000000001
657,P0AF24,705,2.7,19.035000000000004
658,P45470,336,57.43,192.96480000000003
659,P0AC86,164,5.81,9.5284
660,P0A6W5,1635,1.27,20.764499999999998
661,P0A7F6,451,6.43,28.999299999999998
662,P0A8X2,1409,1.7,23.953000000000003
663,P00894,902,8.69,78.3838
664,P07623,492,0.44,2.1648
665,P36649,649,8.5,55.165000000000006
666,P0A9M2,532,10.54,56.072799999999994
667,P69924,377,8.92,33.6284
668,P0AFU8,624,5.18,32.3232
669,P42620,131,10.87,14.2397
670,P0AEN1,629,9.41,59.188900000000004
671,P0ACD4,6815,9.13,622.2095
672,P0A9W9,285,9.19,26.191499999999998
673,P0A8Y5,165,5.71,9.4215
674,P37749,379,10.43,39.5297
675,P15067,111,9.22,10.234200000000001
676,P0A746,1547,12.55,194.1485
677,P52647,47,18.95,8.9065
678,P0ADT5,219,7.55,16.534499999999998
679,P0ADI4,99,3.18,3.1482
680,P31060,121,17.96,21.7316
681,P02918,24,50.97,12.232800000000001
682,P77485,263,29.73,78.18990000000001
683,P0A6L9,370,10.77,39.849
684,P29131,124,7.95,9.858
685,P39172,95,9.56,9.082
686,P0A9S3,1085,9.61,104.26849999999999
687,P76397,114,6.32,7.2048000000000005
688,P37440,387,7.71,29.8377
689,P04983,37,12.03,4.451099999999999
690,P37626,216,7.47,16.1352
691,P13445,114,10.03,11.4342
692,P75914,153,9.55,14.6115
693,P0A9S7,169,33.73,57.003699999999995
694,P0A8F4,137,13.58,18.6046
695,P09099,38,5.09,1.9342000000000001
696,P75863,123,9.87,12.1401
697,P0A6U3,50,5.25,2.625
698,P37387,190,14.05,26.695000000000004
699,P60716,455,16.9,76.895
700,P0ABF1,13,40.43,5.2559
701,P00363,105,22.85,23.9925
702,P04391,336,9.62,32.3232
703,P0AFC7,267,7.21,19.2507
704,P68187,94,15.96,15.002400000000002
705,P12996,93,4.97,4.6221
706,P77737,21,29.62,6.2202
707,P0C0L2,11419,3.92,447.6248
708,P0A7K2,24297,1.93,468.93209999999993
709,P0A7R1,13616,6.41,872.7856
710,P0A6N4,8031,6.93,556.5483
711,P0A6G7,6199,4.96,307.4704
712,P0A9K9,10756,8.15,876.614
713,P63235,140,28.9,40.459999999999994
714,P0AB80,1255,2.0,25.1
715,P0A729,2410,8.12,195.69199999999998
716,P61714,5093,7.22,367.7146
717,P0A800,5259,5.65,297.1335
718,P23869,1532,18.01,275.9132
719,P77395,1525,7.75,118.1875
720,P0A763,17235,7.92,1365.012
721,P0AGJ5,690,6.12,42.228
722,P27431,635,1.68,10.668
723,P60651,900,2.54,22.86
724,P45955,806,7.63,61.49779999999999
725,P76316,638,9.16,58.4408
726,P31063,1145,9.21,105.45450000000002
727,P0AG51,3402,15.16,515.7432
728,P56262,1440,28.71,413.42400000000004
729,P0A7M2,4190,9.25,387.575
730,P69503,973,9.22,89.7106
731,P12281,435,17.57,76.4295
732,P15078,1952,2.62,51.1424
733,P60595,442,4.89,21.6138
734,P77739,365,10.36,37.814
735,P10371,690,10.92,75.348
736,P0A780,845,3.49,29.4905
737,P0A6N8,1539,4.75,73.1025
738,P0A9L8,467,1.74,8.1258
739,P0A8S1,410,5.4,22.140000000000004
740,P75960,490,5.91,28.959
741,P0ACB2,328,12.65,41.492
742,P08192,173,0.63,1.0899
743,P0A7E9,441,10.22,45.07020000000001
744,P36659,199,18.41,36.6359
745,P69425,441,15.31,67.5171
746,P33219,1445,8.69,125.57049999999998
747,P0A998,860,13.07,112.40200000000002
748,P76576,497,6.88,34.1936
749,P77541,25,22.2,5.55
750,P04951,290,6.82,19.778
751,P08390,261,21.21,55.3581
752,P0A7Y0,466,13.18,61.4188
753,P39406,311,7.93,24.6623
754,P24255,180,4.73,8.514000000000001
755,P0ADA3,181,15.8,28.598
756,P0A8A4,310,10.65,33.015
757,P76187,529,12.14,64.2206
758,P0A9R4,2072,9.84,203.8848
759,P15047,52,14.19,7.3788
760,P68066,1269,6.98,88.5762
761,P45799,323,1.99,6.427700000000001
762,P0A7I7,192,9.61,18.4512
763,P76128,43,15.39,6.6177
764,P07913,628,19.14,120.1992
765,P0ACP1,258,9.42,24.303600000000003
766,P77754,805,13.41,107.95049999999999
767,P32705,336,6.2,20.832
768,P0ADT8,149,16.65,24.8085
769,P75864,74,18.3,13.542
770,P19624,142,3.65,5.183
771,P0AEC3,55,15.9,8.745000000000001
772,P22333,118,18.32,21.6176
773,P30870,25,14.41,3.6025
774,P0A9S5,56,8.1,4.5360000000000005
775,P0AEW9,24,17.67,4.2408
776,P0A6I3,145,1.65,2.3925
777,P0A7A2,305,7.23,22.0515
778,P05852,87,10.68,9.291599999999999
779,P45579,462,11.36,52.4832
780,P0A9J6,123,16.72,20.5656
781,P32695,66,9.42,6.2172
782,P21169,34,9.86,3.3524
783,P15977,29,12.73,3.6917
784,P0A812,170,6.14,10.437999999999999
785,P0A9B6,56,9.41,5.2696000000000005
786,P28904,5,18.73,0.9365
787,P30744,15,9.58,1.4369999999999998
788,P08201,3,21.34,0.6402
789,P0AEH5,10569,16.05,1696.3245
790,P61175,18436,10.58,1950.5288
791,P0A6F9,12215,17.12,2091.208
792,P61949,5555,4.71,261.64050000000003
793,P0AF93,9735,16.09,1566.3615
794,P0AG86,11594,8.17,947.2298
795,P0AEU7,3792,4.83,183.1536
796,P0A7M9,5738,20.95,1202.1109999999999
797,P0AFP6,4487,5.37,240.9519
798,P0A6Y1,3432,8.18,280.7376
799,P0A794,638,13.32,84.98160000000001
800,P02413,3390,16.0,542.4
801,P0AF12,1354,17.6,238.30400000000003
802,P0A6Q6,2793,4.91,137.1363
803,P27434,1017,10.31,104.85270000000001
804,P63020,2195,6.4,140.48
805,P0AD59,1388,3.2,44.416000000000004
806,P0A908,1885,3.05,57.4925
807,P0AGE0,2083,13.07,272.2481
808,P0ADX7,159,9.56,15.2004
809,P0A6Q3,1007,10.87,109.4609
810,P0A9M5,2532,2.74,69.3768
811,P0ADK0,1093,9.02,98.5886
812,P77529,729,18.09,131.8761
813,P0AE88,954,9.87,94.15979999999999
814,P0ADV1,784,10.0,78.4
815,P30750,551,5.58,30.745800000000003
816,P0A6U8,416,20.0,83.2
817,P0AGA2,352,11.37,40.0224
818,P0A7G2,991,8.08,80.0728
819,P0A6I0,535,5.06,27.070999999999998
820,P0A8A0,386,3.52,13.587200000000001
821,P52643,365,12.37,45.150499999999994
822,P07862,498,7.0,34.86000000000001
823,Q46871,414,23.22,96.1308
824,P20966,120,5.76,6.912
825,P37188,38600,27.64,10669.039999999999
826,P31677,250,13.75,34.375
827,P0A8W2,695,11.86,82.42699999999999
828,P25894,327,15.64,51.1428
829,P0ADU2,572,7.01,40.0972
830,P0A988,385,4.57,17.5945
831,P10378,48,4.39,2.1071999999999997
832,P65556,1060,30.48,323.088
833,P60664,279,4.8,13.392
834,P0AG27,870,34.39,299.193
835,P40874,342,8.17,27.941399999999998
836,P0ACR9,566,4.41,24.9606
837,P0A784,377,17.5,65.975
838,P0ABI4,195,20.17,39.331500000000005
839,P00861,369,17.47,64.4643
840,P0A6C1,124,59.66,73.97840000000001
841,P0AD12,202,22.78,46.0156
842,P0ACU7,560,10.6,59.36
843,P0AGK8,4233,2.82,119.3706
844,P67603,1069,8.24,88.0856
845,P0A7J0,231,10.28,23.746799999999997
846,P0A734,2049,4.88,99.99119999999999
847,P30863,76,8.54,6.490399999999999
848,P25745,254,3.12,7.9248
849,P77212,21,13.7,2.877
850,P69828,22656,7.79,1764.9024
851,P09158,314,15.52,48.732800000000005
852,P39377,116,8.82,10.2312
853,P0A9R7,144,4.03,5.8032
854,P69874,135,1.74,2.3489999999999998
855,P37634,116,20.26,23.5016
856,P00887,100,14.55,14.550000000000002
857,P0ADX1,379,10.38,39.3402
858,P76290,260,9.52,24.752
859,P62517,43,41.17,17.7031
860,P61320,246,8.22,20.221200000000003
861,P0ADQ2,156,8.47,13.213200000000002
862,P33643,317,20.37,64.5729
863,P69228,164,8.4,13.776000000000002
864,P07102,5,33.93,1.6965
865,P0A7X6,377,4.61,17.3797
866,Q57261,144,8.7,12.527999999999999
867,P63177,215,11.38,24.467000000000002
868,P0AFB8,40,14.9,5.96
869,P0AFI2,62,12.24,7.588800000000001
870,P0ABB8,17,7.34,1.2477999999999998
871,P09029,91,0.57,0.5186999999999999
872,P31808,139,21.82,30.329800000000002
873,P24203,209,10.92,22.8228
874,P34209,199,27.48,54.685199999999995
875,P0AFV4,1530,11.49,175.797
876,P09148,102,10.75,10.965
877,P0AEY5,442,16.66,73.63719999999999
878,P08194,51,6.47,3.2996999999999996
879,P0AD05,681,13.99,95.2719
880,P0ACI0,115,4.34,4.9910000000000005
881,P0A9S1,211,7.51,15.8461
882,P22731,103,12.74,13.122200000000001
883,Q5H777,283,67.68,191.5344
884,P0ADP0,157,3.58,5.6206
885,P0A8V6,148,10.83,16.0284
886,P07639,212,5.76,12.2112
887,P27828,37,2.8,1.0359999999999998
888,P41407,625,14.99,93.6875
889,P41409,217,8.21,17.8157
890,P52108,175,21.29,37.25749999999999
891,P22564,211,13.25,27.957500000000003
892,P76594,24,28.0,6.720000000000001
893,P0ABV2,142,9.83,13.9586
894,P0A9G8,89,12.88,11.4632
895,P03004,51,9.51,4.8501
896,P0AED7,51,25.13,12.816299999999998
897,P17115,57,2.13,1.2141
898,P0ACZ8,886,20.37,180.47820000000002
899,P0ADR6,61,14.31,8.7291
900,P40120,56,3.52,1.9712
901,P05458,28,19.54,5.4712
902,P16384,60,6.2,3.7199999999999998
903,P0AG24,16,32.83,5.2528
904,P46889,13,13.89,1.8056999999999999
905,P76014,51,29.48,15.0348
906,P0A951,58,5.54,3.2132
907,P23883,28,27.75,7.7700000000000005
908,P31064,55,3.71,2.0405
909,P60340,54,19.86,10.7244
910,P60293,35,12.57,4.399500000000001
911,P0A6L4,93,16.91,15.7263
912,P24202,40,10.63,4.252000000000001
913,P0ACD8,1,75.16,0.7515999999999999
914,P0AA25,11139,3.44,383.1816
915,P37194,2360,25.9,611.24
916,P0ADU5,1709,7.29,124.58610000000002
917,P0AA04,9533,7.79,742.6206999999999
918,P75818,1806,10.36,187.1016
919,P0A7U3,7899,3.21,253.55789999999996
920,P68679,9984,4.45,444.28800000000007
921,P63284,136,8.24,11.2064
922,P0A955,2352,9.11,214.2672
923,P0A9L3,1797,2.89,51.9333
924,P0ADS6,674,2.83,19.0742
925,P0ADA5,2378,6.69,159.0882
926,P0ABD8,1380,7.05,97.28999999999999
927,P0AFR4,723,8.96,64.78080000000001
928,P0AGD3,4287,4.77,204.48989999999998
929,P0AGD1,268,7.68,20.5824
930,P0AF36,8451,12.86,1086.7985999999999
931,P0AFY8,809,3.25,26.2925
932,P0C0L7,54,34.38,18.565200000000004
933,P76142,163,38.29,62.4127
934,P77214,21140,28.49,6022.786
935,P21362,690,14.79,102.051
936,P64596,487,2.18,10.6166
937,P76402,349,4.7,16.403
938,P67095,471,4.53,21.3363
939,P69829,710,7.97,56.586999999999996
940,P0A6P7,706,10.66,75.2596
941,P0ABU0,489,3.68,17.9952
942,P69428,973,10.98,106.8354
943,P37647,548,3.15,17.262
944,P10346,742,13.31,98.7602
945,P60546,194,8.43,16.3542
946,P26612,113,10.78,12.1814
947,P0A6S7,307,1.6,4.912
948,P0A8U6,689,6.72,46.300799999999995
949,P0AFJ7,92,26.55,24.426000000000002
950,P64429,97,1.52,1.4744
951,P75876,92,32.12,29.5504
952,P0AFI7,238,6.83,16.2554
953,P27848,502,11.51,57.780199999999994
954,P0AG93,928,43.04,399.4112
955,P12995,125,21.48,26.849999999999998
956,P0A962,280,15.45,43.26
957,P0ABU7,456,15.88,72.4128
958,P31130,97,22.39,21.718300000000003
959,P75957,292,2.27,6.6284
960,P0A738,156,12.04,18.7824
961,Q46948,322,6.67,21.4774
962,P0A9D4,394,6.17,24.3098
963,P0ACA1,421,4.05,17.0505
964,P37665,60,23.34,14.004
965,P77775,146,8.22,12.0012
966,P0A8A8,381,3.6,13.716000000000001
967,P0A7D1,318,11.75,37.364999999999995
968,P42641,291,2.86,8.3226
969,P23886,52,9.98,5.1896
970,P0A8X0,157,3.09,4.851299999999999
971,P23827,200,5.31,10.62
972,P66948,171,19.31,33.0201
973,P64530,336,7.22,24.2592
974,P31806,71,4.37,3.1027
975,P37760,507,10.18,51.6126
976,P0AEX3,112,14.18,15.8816
977,P39838,32,14.45,4.624
978,P0ADP9,1597,15.03,240.02909999999997
979,P25539,106,6.17,6.5402
980,Q46868,890,5.04,44.856
981,P77348,72,17.34,12.4848
982,P24251,625,6.98,43.625
983,P37648,65,7.22,4.693
984,P60752,82,17.23,14.1286
985,P46852,80,15.56,12.448
986,P0A9H1,134,11.07,14.8338
987,P77581,79,20.43,16.1397
988,P77552,68,4.89,3.3251999999999997
989,P77213,85,4.23,3.5955000000000004
990,P39396,5,28.55,1.4275000000000002
991,P52061,321,6.8,21.828000000000003
992,P37595,80,5.22,4.176
993,P0A6J1,472,8.48,40.0256
994,P0AG40,100,18.76,18.76
995,P0A9C9,67,8.98,6.0166
996,P36879,135,11.8,15.930000000000001
997,P77434,95,46.77,44.4315
998,P0AC13,147,3.38,4.9685999999999995
999,P77148,80,9.09,7.271999999999999
1000,P00803,82,6.48,5.313600000000001
1001,P0AFD6,244,15.11,36.868399999999994
1002,P33218,353,12.6,44.478
1003,P07017,1,79.13,0.7913
1004,P37177,37,24.19,8.9503
1005,P29012,142,16.57,23.529400000000003
1006,P77544,84,6.9,5.796
1007,P75736,180,1.81,3.2580000000000005
1008,P29018,33,14.86,4.9037999999999995
1009,P67080,127,3.07,3.8989
1010,P75838,91,12.71,11.566100000000002
1011,P0AFZ3,204,13.11,26.7444
1012,P37645,27,19.4,5.2379999999999995
1013,P03841,333,25.76,85.7808
1014,P0AFL6,29,13.15,3.8135000000000003
1015,P0A8W5,186,21.0,39.059999999999995
1016,P0A8D0,164,4.62,7.5767999999999995
1017,P0A9N4,132,9.09,11.9988
1018,P0AFQ7,33,3.08,1.0164
1019,P08395,39,17.02,6.6377999999999995
1020,P0A873,66,22.58,14.902799999999997
1021,P0A9F1,91,11.12,10.1192
1022,P02929,52,17.31,9.001199999999999
1023,Q46920,28,22.53,6.3084
1024,P37690,35,36.59,12.806500000000002
1025,P23909,22,12.14,2.6708000000000003
1026,P77713,12,6.58,0.7896
1027,P39285,16,31.93,5.1088
1028,P0A720,91,4.46,4.0586
1029,P0AB43,68,8.11,5.514799999999999
1030,P0A9J0,58,15.87,9.2046
1031,P77338,3,18.74,0.5621999999999999
1032,P75931,39,14.19,5.5341
1033,P64483,406,17.5,71.05
1034,P77795,22,3.08,0.6776
1035,Q46939,46,23.47,10.796199999999999
1036,P0CE60,20,17.45,3.4899999999999998
1037,P0AAN3,23,25.86,5.9478
1038,P37005,25,21.56,5.39
1039,P39829,10,5.75,0.5750000000000001
1040,P39366,5,20.55,1.0275
1041,P0A959,60,26.73,16.038
1042,P75682,97,17.76,17.2272
1043,P14175,2,38.78,0.7756000000000001
1044,P0ABQ2,25,21.69,5.4225
1045,P77258,55,2.11,1.1604999999999999
1046,P0A9H7,40,6.08,2.432
1047,P08956,5,0.54,0.027000000000000003
1048,Q5H776,43,28.33,12.1819
1049,Q6BF17,4,33.47,1.3388
1050,P45425,9,43.22,3.8897999999999997
1051,P0AAJ5,16,48.75,7.8
1052,P21829,145,0.94,1.3629999999999998
1053,P0ACF0,73951,8.39,6204.4889
1054,P0A7T3,27682,8.42,2330.8244
1055,P0ADY7,16059,12.64,2029.8576000000003
1056,P0A7U7,10866,2.48,269.47679999999997
1057,P0ACY1,1660,17.84,296.144
1058,P0A7R9,4947,6.83,337.88009999999997
1059,P0AC62,4706,24.71,1162.8526000000002
1060,P0AG48,2979,2.73,81.3267
1061,P0AD49,2223,13.29,295.4367
1062,P0C018,2599,4.38,113.83619999999999
1063,P0A7S3,2054,13.9,285.50600000000003
1064,P0AG18,2559,6.28,160.70520000000002
1065,P0A8A2,1022,6.95,71.02900000000001
1066,P0AAB8,364,19.01,69.19640000000001
1067,P0ACP5,461,5.58,25.7238
1068,P0ACE7,2056,3.64,74.83840000000001
1069,P0A927,628,11.12,69.83359999999999
1070,P0AC81,1205,12.26,147.733
1071,P0ADK8,1166,20.37,237.51420000000002
1072,P76270,894,31.23,279.19620000000003
1073,P0A744,533,2.75,14.6575
1074,P0AAR3,330,8.25,27.225
1075,P62617,1169,10.48,122.5112
1076,P76193,289,2.93,8.4677
1077,P39199,716,9.43,67.5188
1078,P0A6X3,1084,7.86,85.2024
1079,P06989,436,10.03,43.7308
1080,P69411,471,6.01,28.307100000000002
1081,P61316,643,33.38,214.63340000000002
1082,P0AC69,2829,7.42,209.9118
1083,P77625,791,3.86,30.532599999999995
1084,P0A722,637,1.81,11.529700000000002
1085,P25397,173,6.02,10.4146
1086,P12994,246,12.19,29.987399999999997
1087,P0A9Z1,857,25.57,219.1349
1088,P0AB28,460,11.83,54.418
1089,P0AC19,640,5.3,33.92
1090,P76145,183,20.17,36.911100000000005
1091,P0A6K3,295,40.07,118.2065
1092,P0AGG8,223,5.27,11.752099999999999
1093,P0A8T1,120,8.54,10.248
1094,P16869,16,40.5,6.48
1095,P37773,213,3.15,6.7095
1096,P30749,269,15.66,42.1254
1097,P0AEQ1,2050,6.2,127.1
1098,P42599,237,3.88,9.1956
1099,P0AFB1,247,8.31,20.5257
1100,P76002,288,5.48,15.7824
1101,P13000,315,23.66,74.529
1102,P0A832,207,31.06,64.2942
1103,P0AFM2,281,7.9,22.199
1104,P76506,157,3.32,5.2124
1105,P45748,347,4.15,14.400500000000001
1106,P0AEX5,245,15.78,38.661
1107,P0AF67,652,6.7,43.684000000000005
1108,P23917,226,6.65,15.029
1109,P0A6U5,269,4.87,13.1003
1110,P75849,675,11.2,75.6
1111,P69506,7,8.5,0.5950000000000001
1112,P0AGB6,170,2.44,4.148
1113,P0ABQ4,177,8.42,14.9034
1114,P33362,96,10.25,9.84
1115,P31455,58,18.56,10.7648
1116,P0A7F9,174,3.47,6.037800000000001
1117,P04982,577,24.29,140.1533
1118,P21363,391,9.19,35.9329
1119,P0A8D6,103,15.35,15.8105
1120,P76346,684,7.26,49.6584
1121,P75777,48,7.37,3.5376000000000003
1122,P76235,46,14.95,6.877
1123,P28861,133,10.78,14.337399999999999
1124,P0A8Y3,213,21.18,45.1134
1125,P36680,184,7.94,14.6096
1126,P0AC47,138,6.14,8.4732
1127,P39830,59,16.74,9.8766
1128,P0A7A5,149,5.29,7.8821
1129,P62615,158,8.66,13.6828
1130,P76004,126,31.07,39.148199999999996
1131,P32157,64,20.49,13.113599999999998
1132,P0ACN4,113,4.75,5.3675
1133,P06992,111,9.24,10.2564
1134,P0AG00,112,13.6,15.232000000000001
1135,P32664,77,7.18,5.5286
1136,P15038,34,11.47,3.8998000000000004
1137,P77756,193,7.53,14.532900000000001
1138,P75867,32,9.66,3.0912
1139,P64455,228,8.64,19.6992
1140,P12998,98,37.74,36.9852
1141,P0AFF2,71,39.41,27.981099999999998
1142,P31473,38,17.8,6.764000000000001
1143,P07109,60,18.58,11.148
1144,P0ADS9,106,11.79,12.497399999999999
1145,P0AFX9,66,10.52,6.9432
1146,P0C054,235,10.49,24.651500000000002
1147,P17443,74,3.85,2.8489999999999998
1148,P27829,40,11.45,4.58
1149,P0AEE3,73,23.3,17.009
1150,P04994,36,19.25,6.93
1151,P0AD27,27,22.66,6.1182
1152,P37643,106,9.16,9.7096
1153,P0A9L5,912,24.07,219.51839999999999
1154,P75830,25,4.76,1.19
1155,P0A830,207,27.75,57.4425
1156,P0AFX4,285,18.98,54.092999999999996
1157,P32131,55,23.58,12.969
1158,P45800,30,19.14,5.742000000000001
1159,P0CB39,16,20.76,3.3216
1160,P0AD10,224,30.49,68.2976
1161,P0ACB4,77,10.76,8.2852
1162,P37751,42,18.86,7.9212
1163,P64554,95,6.32,6.0040000000000004
1164,P0AE22,88,10.24,9.0112
1165,P20083,21,12.98,2.7258
1166,P32680,60,5.09,3.0540000000000003
1167,P28249,32,13.35,4.272
1168,P10902,10,78.21,7.820999999999999
1169,P31802,146,3.69,5.3874
1170,Q5H772,4,57.41,2.2963999999999998
1171,P39452,8,15.59,1.2472
1172,P05637,50,19.5,9.75
1173,P12295,66,6.53,4.3098
1174,P76272,13,31.43,4.0859000000000005
1175,P76535,67,14.35,9.6145
1176,P27303,8,8.55,0.684
1177,P28903,32,8.25,2.64
1178,P27830,15,13.35,2.0025
1179,P22524,228,14.95,34.086
1180,P10441,23,13.2,3.036
1181,P20099,12,15.04,1.8047999999999997
1182,P45395,65,4.62,3.0029999999999997
1183,P75791,20,12.02,2.404
1184,P33030,21,6.93,1.4553
1185,P77569,88,10.15,8.932
1186,P0AE85,494,10.15,50.141000000000005
1187,P24188,10,18.76,1.8760000000000001
1188,P18775,1,37.51,0.3751
1189,P39265,19,31.32,5.950799999999999
1190,P0AAH0,42,12.07,5.0694
1191,P0ACE3,50,8.35,4.175
1192,P37617,4,3.54,0.1416
1193,P0AFB5,10,37.05,3.705
1194,P77475,53,33.88,17.956400000000002
1195,P0AD68,15,15.71,2.3565000000000005
1196,P0A6A8,15267,7.43,1134.3381
1197,P0ADZ4,18916,20.73,3921.2868000000003
1198,P64581,10318,9.98,1029.7364
1199,P77717,4735,15.33,725.8755
1200,P75694,6852,10.31,706.4412000000001
1201,P0A7M6,24944,6.98,1741.0912
1202,P0A9Y6,39126,7.87,3079.2162000000003
1203,P0ACF4,29079,19.93,5795.4447
1204,P25738,6405,0.37,23.698500000000003
1205,P0AET2,1751,51.65,904.3915
1206,P0A7L8,9418,5.15,485.02700000000004
1207,P0A7N9,10243,1.77,181.3011
1208,P0A7N4,11126,7.6,845.576
1209,P0AG63,5658,53.01,2999.3058
1210,P68206,497,9.61,47.7617
1211,P0AAA1,294,10.48,30.8112
1212,P77173,1237,16.21,200.51770000000002
1213,P0AFX0,2958,1.41,41.7078
1214,P0AG59,4660,4.46,207.836
1215,P0A742,1090,6.68,72.812
1216,P0A7L3,1635,18.75,306.5625
1217,P37128,1048,1.01,10.5848
1218,P0A8R0,977,5.33,52.0741
1219,P77454,353,6.48,22.874400000000005
1220,P0AB55,1768,5.77,102.0136
1221,P0ACX3,2781,5.89,163.80089999999998
1222,P0AB14,2016,15.25,307.44
1223,P69222,1912,17.28,330.3936
1224,P0AEB7,1379,10.52,145.0708
1225,P0AB38,524,6.1,31.964
1226,P0ADZ0,820,1.93,15.825999999999999
1227,P0AF50,552,7.78,42.945600000000006
1228,P0AB52,2835,11.5,326.02500000000003
1229,P0AAF6,400,21.22,84.88
1230,P0AB26,252,16.9,42.587999999999994
1231,P0ADC1,170,11.5,19.55
1232,P10100,184,10.5,19.32
1233,P0A972,7177,5.23,375.35710000000006
1234,P63417,623,2.77,17.257099999999998
1235,P0A9T4,146,6.68,9.7528
1236,P0AER0,70,27.3,19.110000000000003
1237,P0A8I5,256,6.99,17.8944
1238,P10908,200,14.25,28.499999999999996
1239,P0ADS2,449,10.13,45.4837
1240,P0AGG2,191,6.59,12.5869
1241,P0AB65,245,47.3,115.88499999999999
1242,P0A6Z6,255,9.37,23.8935
1243,P37774,236,6.61,15.5996
1244,P39176,109,8.83,9.6247
1245,P0A8G9,637,6.5,41.405
1246,P0AA91,51,17.5,8.924999999999999
1247,P32662,414,13.63,56.428200000000004
1248,P0A8K5,1312,17.7,232.224
1249,P0AC84,359,9.05,32.48950000000001
1250,P0AAN5,287,1.97,5.653899999999999
1251,P0AGF2,129,13.32,17.1828
1252,P07762,66,14.63,9.655800000000001
1253,P0ABU9,149,17.55,26.149500000000003
1254,P63228,273,11.61,31.6953
1255,P0AEM0,1531,11.01,168.5631
1256,P08179,236,4.63,10.9268
1257,P75915,305,6.7,20.435000000000002
1258,P23894,255,2.46,6.273
1259,P0A8W0,78,37.48,29.234399999999997
1260,P0A884,206,16.67,34.3402
1261,P77202,63,11.17,7.0371
1262,P36929,36,8.07,2.9052000000000002
1263,P0AGE4,126,34.81,43.860600000000005
1264,P39315,171,2.98,5.0958
1265,P0A9I3,239,11.27,26.935299999999998
1266,P0A9E5,325,13.71,44.5575
1267,P40191,148,55.67,82.3916
1268,P31433,61,15.89,9.692900000000002
1269,P76243,327,8.58,28.0566
1270,P62623,119,5.35,6.3665
1271,P0ADE4,25,8.55,2.1375
1272,Q47690,87,6.15,5.3505
1273,P77376,81,7.2,5.832000000000001
1274,P76329,74,9.35,6.919
1275,P0AAS7,238,7.07,16.8266
1276,P66817,193,3.04,5.8672
1277,P18196,130,15.83,20.579
1278,P52007,162,3.98,6.4476
1279,P0ADP2,109,1.8,1.9620000000000002
1280,P0AGI8,51,20.24,10.3224
1281,P0A7I0,98,9.93,9.7314
1282,P0AAD6,57,19.08,10.875599999999999
1283,P0AGB0,45,17.12,7.704000000000001
1284,P0AE82,40,9.95,3.9799999999999995
1285,P21338,37,10.12,3.7443999999999997
1286,P0A725,90,7.32,6.588
1287,P0ACV8,314,5.98,18.7772
1288,P77781,232,4.87,11.2984
1289,P07117,47,13.67,6.424899999999999
1290,P0A8J4,3175,21.11,670.2425
1291,P39310,162,4.84,7.8408
1292,Q47147,54,10.18,5.4972
1293,D0EX67,81,10.61,8.5941
1294,P0A6E1,404,12.66,51.14639999999999
1295,P0AA89,17,29.46,5.0082
1296,Q93K97,106,26.61,28.2066
1297,Q46893,47,28.57,13.427900000000001
1298,P0A6G3,89,26.68,23.745199999999997
1299,P0ADV5,55,10.42,5.731
1300,P0AAC8,730,11.13,81.24900000000001
1301,P24205,50,9.55,4.775
1302,P22634,63,20.22,12.7386
1303,P37765,64,16.84,10.7776
1304,P0ACL9,52,13.89,7.222799999999999
1305,P0AE28,193,20.14,38.8702
1306,P06961,52,13.43,6.9836
1307,P03018,32,8.78,2.8095999999999997
1308,P64540,208,21.28,44.26240000000001
1309,P0AEJ6,28,10.83,3.0324
1310,P0AA82,58,12.03,6.977399999999999
1311,P0A968,2724,27.83,758.0892
1312,P0AC51,90,11.98,10.782
1313,P0ACR4,66,12.53,8.2698
1314,P24554,24,32.3,7.751999999999999
1315,P80668,23,12.5,2.875
1316,P67826,41,3.46,1.4185999999999999
1317,P50456,21,12.27,2.5766999999999998
1318,P0ACL5,42,2.47,1.0374
1319,P0ACZ4,66,15.83,10.447799999999999
1320,P06960,40,54.77,21.908
1321,P10907,26,22.35,5.811
1322,P0A6H8,10,18.72,1.8719999999999999
1323,P17117,105,15.47,16.2435
1324,P25552,21,21.15,4.4415
1325,P26602,120,10.85,13.02
1326,P31131,33,10.46,3.4518000000000004
1327,P76256,63,20.93,13.185899999999998
1328,P39187,43,25.61,11.0123
1329,P0A7C6,305,11.34,34.587
1330,P16926,26,17.2,4.4719999999999995
1331,P37146,38,12.23,4.6474
1332,P0AED5,65,16.3,10.595
1333,P0AEQ6,38,6.8,2.584
1334,P31134,38,14.41,5.4758000000000004
1335,P23367,10,9.54,0.9539999999999998
1336,P32144,43,10.49,4.5107
1337,P0ADI7,48,20.72,9.945599999999999
1338,P42588,35,12.55,4.3925
1339,P0A761,27,18.42,4.973400000000001
1340,P76086,25,17.16,4.29
1341,P33355,18,12.8,2.3040000000000003
1342,P09152,1,22.05,0.2205
1343,P0ACK2,29,16.69,4.8401000000000005
1344,P13033,6,23.19,1.3914000000000002
1345,P05706,3,34.29,1.0287
1346,P69922,20,41.86,8.372
1347,Q47150,196,23.33,45.7268
1348,P0C058,10,13.75,1.375
1349,P25535,13,32.17,4.1821
1350,P06720,23,16.53,3.8019
1351,P76035,68,23.32,15.8576
1352,P0AF03,48,20.01,9.604800000000001
1353,P06709,9,15.13,1.3617000000000001
1354,P36771,13,28.49,3.7037
1355,P0AGJ2,12,22.96,2.7552
1356,P09833,6,39.0,2.34
1357,P25888,2,32.48,0.6496
1358,P37388,2,39.62,0.7924
1359,P0A7T7,11889,10.6,1260.234
1360,P38521,1781,9.66,172.0446
1361,P0AF70,1088,55.14,599.9232
1362,P0AD33,1747,9.78,170.8566
1363,P32162,393,17.09,67.16369999999999
1364,P0ADN6,1808,3.09,55.8672
1365,P06968,1104,12.5,138.0
1366,P0AG99,1093,5.43,59.34989999999999
1367,P0AB98,770,16.41,126.357
1368,P0AAN9,2532,25.06,634.5192
1369,P30748,583,16.74,97.5942
1370,P0A8C4,631,8.63,54.4553
1371,P64506,491,3.35,16.4485
1372,P0A7B8,293,0.6,1.758
1373,P77695,1127,7.52,84.75039999999998
1374,P09996,443,9.28,41.1104
1375,P69913,1301,11.11,144.5411
1376,P64519,79,31.16,24.6164
1377,P64503,3555,23.64,840.402
1378,P0AEW4,171,8.4,14.364
1379,P76170,356,18.24,64.9344
1380,P28248,565,21.41,120.96650000000001
1381,P76569,1065,6.02,64.113
1382,P64624,516,8.73,45.046800000000005
1383,P0AFC3,427,13.16,56.1932
1384,P0ABN5,170,15.26,25.941999999999997
1385,P0AEL6,70,30.34,21.238
1386,P55734,332,4.76,15.803199999999999
1387,P0C0R7,143,16.31,23.3233
1388,P0A9X9,683,19.65,134.2095
1389,P0ABZ4,177,19.15,33.8955
1390,P0AFM4,29,17.51,5.0779000000000005
1391,P0AAZ7,1019,14.0,142.66000000000003
1392,P0ADA1,173,10.98,18.9954
1393,P0ADM4,242,7.79,18.8518
1394,P64602,340,5.78,19.652
1395,P31069,37,7.41,2.7417
1396,P77808,72,14.06,10.1232
1397,P31678,109,15.28,16.6552
1398,P0AB61,501,9.82,49.19820000000001
1399,P64564,135,22.83,30.820499999999996
1400,P0AFZ1,213,6.27,13.355099999999998
1401,P15770,125,16.26,20.325000000000003
1402,P33018,150,12.88,19.32
1403,P0AF98,65,22.47,14.6055
1404,P0AEN8,180,6.49,11.682
1405,P0AE01,132,10.01,13.213199999999999
1406,P0A901,83,27.03,22.4349
1407,P69795,723,9.47,68.4681
1408,P21645,48,15.66,7.5168
1409,P0AAP3,193,5.14,9.9202
1410,P69423,154,6.37,9.809800000000001
1411,P0AAE0,384,9.08,34.867200000000004
1412,P0AEW6,17,16.87,2.8679
1413,P0AAG3,49,14.55,7.129500000000001
1414,P0ABK2,52,18.01,9.3652
1415,P0C093,69,8.88,6.1272
1416,P0A6I9,64,9.02,5.7728
1417,P0A881,123,11.8,14.514000000000001
1418,P0A790,268,10.1,27.067999999999998
1419,P76008,84,8.91,7.4844
1420,P0AAC4,41,9.26,3.7966
1421,P76291,59,7.73,4.560700000000001
1422,P76541,95,27.71,26.3245
1423,P76034,73,5.46,3.9858000000000002
1424,P0ADC6,43,18.66,8.0238
1425,P75792,66,10.79,7.1213999999999995
1426,P0AGL7,75,10.35,7.762499999999999
1427,P23003,48,9.72,4.6656
1428,P76389,12,8.65,1.038
1429,P76507,41,4.06,1.6645999999999999
1430,P25536,78,14.1,10.998
1431,P26648,17,39.44,6.7048
1432,P52095,10,24.5,2.45
1433,P22186,154,12.09,18.6186
1434,P37745,183,13.63,24.9429
1435,P32099,47,14.05,6.6035
1436,P0AFW4,981,8.91,87.4071
1437,P31466,66,21.67,14.302200000000001
1438,P22729,33,11.26,3.7157999999999998
1439,P40710,11,44.06,4.8466000000000005
1440,P15373,48,14.79,7.0992
1441,P0AEA8,28,7.47,2.0916
1442,P77432,14,48.29,6.7606
1443,P15993,87,46.52,40.47240000000001
1444,P0AET5,29,74.3,21.547
1445,P24178,13,84.62,11.0006
1446,P13036,4,48.94,1.9576
1447,P75796,9,42.07,3.7863
1448,P14900,69,6.76,4.6644
1449,P23857,352,12.63,44.4576
1450,P64588,51,8.69,4.4319
1451,P0ADT2,107,11.94,12.775799999999998
1452,P39408,13,18.89,2.4557
1453,P0A7H6,45,11.44,5.148
1454,P13857,114,10.07,11.4798
1455,P75728,24,9.1,2.184
1456,P0AC30,26,20.39,5.3014
1457,P27833,40,25.21,10.084
1458,P75779,8,8.05,0.644
1459,P06616,21,13.42,2.8181999999999996
1460,P0A921,15,9.9,1.485
1461,P36562,62,19.87,12.319400000000002
1462,P27278,9,22.0,1.98
1463,P0AG96,82,10.8,8.856000000000002
1464,P10443,4,13.88,0.5552
1465,P0AC75,19,29.48,5.6012
1466,P76550,39,0.48,0.18719999999999998
1467,P0AG03,27,35.66,9.6282
1468,P63386,37,3.04,1.1248
1469,P77504,14,32.11,4.4954
1470,P26647,25,31.74,7.934999999999999
1471,P06710,7,25.0,1.75
1472,P0AFD4,151,12.3,18.573
1473,P0A8I1,40,17.3,6.920000000000001
1474,P31441,7,13.0,0.91
1475,P0A8I8,23,34.78,7.9994
1476,P78067,40,3.83,1.532
1477,P0ABS5,4,56.52,2.2608
1478,P77150,53,4.11,2.1783
1479,P0AED9,13,31.25,4.0625
1480,P46118,33,9.35,3.0855
1481,P52119,84,9.09,7.635599999999999
1482,P24193,8,9.71,0.7768
1483,P00811,8,12.22,0.9776
1484,P0AFH2,15,14.3,2.1450000000000005
1485,P0AEV9,13,32.67,4.2471
1486,P08373,18,33.47,6.0245999999999995
1487,P76149,5,25.17,1.2585000000000002
1488,P0ABZ1,1,15.67,0.1567
1489,P0A935,13,32.61,4.2393
1490,P31434,0,66.47,0.0
1491,P76115,2,35.65,0.713
1492,P39451,70,7.28,5.096
1493,P77690,13,7.54,0.9802
1494,P77171,240,7.84,18.816
1495,P05719,6,15.66,0.9396
1496,P29208,7,13.94,0.9758
1497,P39160,31,17.57,5.4467
1498,P36548,17,30.3,5.151
1499,P31460,53,28.87,15.3011
1500,P33941,3,37.64,1.1292
1501,P33025,27,55.89,15.0903
1502,P36999,5,12.0,0.6
1503,P77181,13,17.49,2.2737
1504,P39364,0,107.64,0.0
1505,P77806,34,20.9,7.106
1506,P76220,3,56.67,1.7001
1507,P11071,47,70.97,33.3559
1508,P09980,4,21.05,0.8420000000000001
1509,P0ADP7,39,37.03,14.4417
1510,P76339,3,32.63,0.9789000000000001
1511,P03819,4,23.85,0.9540000000000001
1512,Q47537,3,4.9,0.14700000000000002
1513,P75745,6,36.73,2.2037999999999998
1514,P0A9I8,5,69.34,3.467
1515,P36928,7,16.78,1.1746
1516,P0AF43,1,42.77,0.4277
1517,P0ACE0,4,64.41,2.5764
1518,P0AAS0,53,6.89,3.6517
1519,P64499,34,27.41,9.3194
1520,P0AEV4,17,34.35,5.8395
1521,P0AF26,1,34.13,0.34130000000000005
1522,P0A7E3,2,31.21,0.6242
1523,P0A964,1,11.59,0.1159
1524,P39280,16,6.75,1.08
1525,P02942,0,95.2,0.0
1526,P0AES9,34973,56.38,19717.777400000003
1527,P0AF90,2027,29.81,604.2487
1528,P0A7P5,5055,7.31,369.52049999999997
1529,P0A937,1570,11.42,179.29399999999998
1530,P0ADZ7,2870,10.02,287.574
1531,P65292,1243,7.45,92.6035
1532,P0AAV6,301,12.47,37.5347
1533,P69908,25,23.47,5.8675
1534,P32703,265,61.06,161.809
1535,P03817,1738,25.83,448.92539999999997
1536,P0ADQ7,893,19.8,176.81400000000002
1537,P68191,4310,2.27,97.837
1538,P0AE48,507,10.23,51.8661
1539,P0C037,556,21.07,117.1492
1540,P0AB40,42,21.3,8.946
1541,Q2M7R5,240,23.86,57.264
1542,P0A731,1187,6.47,76.79889999999999
1543,P0A6T9,320,5.54,17.727999999999998
1544,P33224,17,40.21,6.8357
1545,P31547,228,8.4,19.152
1546,P64534,365,24.78,90.447
1547,P0AFW8,434,4.63,20.0942
1548,P0ABE2,141,4.89,6.8949
1549,P76407,99,11.9,11.781
1550,P0ACC3,1790,7.04,126.016
1551,P0AEC0,49,3.72,1.8228000000000002
1552,P52096,141,4.16,5.8656
1553,P0AC92,506,27.65,139.909
1554,P0AGK4,148,8.09,11.9732
1555,P0AFH6,21,14.9,3.129
1556,P0ABY4,195,41.37,80.6715
1557,P0AE91,139,15.51,21.558899999999998
1558,P69054,2051,14.27,292.67769999999996
1559,P33368,76,4.58,3.4808
1560,P16681,46,13.11,6.0306
1561,P0AGG0,78,32.5,25.35
1562,P0AGG4,132,6.71,8.857199999999999
1563,P75820,50,19.0,9.5
1564,P75798,46,34.51,15.874599999999997
1565,P0AB12,83,16.55,13.736500000000001
1566,P77570,59,8.89,5.245100000000001
1567,P0ADX5,7,42.73,2.9911
1568,P0AFK2,30,25.48,7.644000000000001
1569,P78055,67,7.95,5.3265
1570,P0AFJ1,88,23.61,20.7768
1571,P0AFM9,212,22.63,47.9756
1572,P23477,12,2.61,0.3132
1573,P0ABV6,57,13.61,7.7577
1574,P64476,539,18.23,98.25970000000001
1575,P0A840,133,6.52,8.6716
1576,P37757,63,5.69,3.5847
1577,P0ACG8,33,61.27,20.2191
1578,P17445,63,16.48,10.3824
1579,P13458,5,51.26,2.5629999999999997
1580,P28634,52,14.46,7.5192000000000005
1581,P16701,230,12.11,27.853
1582,P76341,289,18.55,53.6095
1583,P65870,76,9.38,7.128800000000001
1584,P0AC55,1,87.83,0.8783
1585,P30014,96,13.81,13.2576
1586,P37642,21,11.97,2.5137
1587,P77285,68,14.92,10.1456
1588,P31475,89,18.55,16.5095
1589,P0AA31,1875,36.02,675.375
1590,P77667,204,12.4,25.296
1591,P25746,103,6.46,6.6538
1592,P23878,18,47.88,8.6184
1593,P0ADC3,14,14.16,1.9824000000000002
1594,P0ACL0,51,27.07,13.8057
1595,P23930,18,23.45,4.221
1596,P0A6W3,18,24.05,4.329000000000001
1597,P0AB10,60,4.8,2.88
1598,P52644,19,24.7,4.693
1599,P0ABJ3,37,49.95,18.4815
1600,P69801,48,19.77,9.4896
1601,P69853,81,12.75,10.3275
1602,P0AA53,14,11.39,1.5946
1603,P77330,713,12.14,86.5582
1604,P0A6R3,1000,13.72,137.20000000000002
1605,P0A8R4,130,26.95,35.035000000000004
1606,P0A8B2,44,13.13,5.7772
1607,Q46822,34,45.43,15.4462
1608,P64423,12,15.26,1.8312
1609,P0ADX9,27,4.44,1.1988
1610,P19934,25,45.13,11.2825
1611,P76112,49,20.25,9.922500000000001
1612,P36672,14,7.57,1.0598
1613,P0AAQ2,79,9.87,7.7973
1614,P76539,59,22.87,13.493300000000001
1615,P21361,33,8.43,2.7819
1616,P76046,16,8.9,1.4240000000000002
1617,P37327,16,50.25,8.04
1618,P76330,13,32.24,4.1912
1619,P0A752,25,10.35,2.5875
1620,P37340,4,32.91,1.3163999999999998
1621,P0A9W6,197,12.28,24.191599999999998
1622,P0AEI6,11,92.41,10.165099999999999
1623,P0A6I6,30,14.56,4.368
1624,P27838,102,19.04,19.4208
1625,P37671,69,6.41,4.4229
1626,P0AA57,120,7.54,9.048
1627,P05041,12,9.19,1.1028
1628,P18390,114,1.24,1.4136
1629,P0AC23,38,11.89,4.5182
1630,P37615,40,8.31,3.3240000000000003
1631,P77712,130,13.95,18.134999999999998
1632,Q47622,14,24.44,3.4216
1633,P0ACW6,41,16.92,6.937200000000001
1634,P27247,58,14.23,8.253400000000001
1635,P0AEP9,48,11.44,5.4912
1636,P14176,9,57.43,5.1687
1637,P77279,51,9.35,4.7685
1638,P52094,41,22.37,9.171700000000001
1639,P28632,6,34.59,2.0754
1640,P0ACK5,23,27.85,6.405500000000001
1641,P0AA99,22,48.9,10.758
1642,P29013,8,15.75,1.26
1643,P13001,61,50.1,30.561
1644,P0A8Y8,7,16.81,1.1767
1645,P77554,8,17.06,1.3647999999999998
1646,P77721,30,17.64,5.292
1647,P37344,12,4.86,0.5832
1648,P23837,15,13.85,2.0774999999999997
1649,P0C0K3,25,41.36,10.34
1650,P37649,4,26.17,1.0468000000000002
1651,P19636,15,17.13,2.5694999999999997
1652,P64612,17,29.56,5.0252
1653,P37659,38,19.27,7.3225999999999996
1654,P64448,46,9.4,4.324
1655,P75713,51,24.95,12.7245
1656,P0A6E9,2,29.25,0.585
1657,P05804,1,17.28,0.1728
1658,P0A915,89,7.23,6.4347
1659,P0AE63,62,9.42,5.840400000000001
1660,P0A7Y4,8,20.4,1.632
1661,P30847,20,31.9,6.38
1662,P69488,62,73.63,45.6506
1663,P75782,9,24.81,2.2329
1664,P76491,31,26.19,8.1189
1665,P0A9T8,31,15.81,4.9011000000000005
1666,P28306,7,28.27,1.9789
1667,P75821,8,16.73,1.3384
1668,P0AGI1,22,21.47,4.7234
1669,P0AEV1,11,29.93,3.2923
1670,P29680,4,56.89,2.2756
1671,P33650,7,42.32,2.9624
1672,P23871,8,39.36,3.1488
1673,P31828,2,10.69,0.2138
1674,P0A6B4,17,25.1,4.267
1675,P0A8G0,1,59.16,0.5916
1676,P0A8J2,37,31.85,11.7845
1677,P0C079,98,25.11,24.607799999999997
1678,P0A944,53,7.24,3.8372
1679,P39356,3,47.24,1.4172000000000002
1680,P31119,6,25.31,1.5186
1681,P24228,4,34.06,1.3624
1682,P0A7Y8,83,16.73,13.8859
1683,P06846,12,18.26,2.1912000000000003
1684,P27240,3,8.85,0.26549999999999996
1685,P0A9U6,70,27.47,19.229
1686,Q46839,40,12.39,4.956
1687,P30843,12,14.99,1.7988
1688,P0AGI4,0,163.48,0.0
1689,P37339,13,34.83,4.5279
1690,P45544,14,9.28,1.2992
1691,P76055,19,19.17,3.6423
1692,P00805,2,27.81,0.5562
1693,P30864,10,24.22,2.422
1694,P21865,2,69.21,1.3841999999999999
1695,B8LFD5,14,6.12,0.8568
1696,P64479,237,20.66,48.9642
1697,P15082,8,17.28,1.3824
1698,P0AA63,18,41.31,7.4358
1699,P0A9F6,4,42.14,1.6856
1700,P26459,0,87.99,0.0
1701,P0AEB0,27,30.47,8.226899999999999
1702,P0ACL2,40,16.72,6.688
1703,P75959,5,18.01,0.9005000000000001
1704,P0A6M2,19,11.54,2.1925999999999997
1705,P0A9F9,83,17.87,14.8321
1706,P16431,0,54.48,0.0
1707,P0AEC5,2,33.48,0.6696
1708,Q46925,2,66.03,1.3206
1709,P56258,3,15.52,0.4656
1710,P75809,29,8.4,2.436
1711,P37351,20,7.48,1.496
1712,P64467,17,23.63,4.0171
1713,P24555,2,40.1,0.802
1714,P15723,3,40.74,1.2222000000000002
1715,P0AC44,33,13.88,4.5804
1716,P77791,69,19.74,13.6206
1717,P77257,0,106.57,0.0
1718,P76217,6,44.78,2.6868000000000003
1719,P03007,13,12.68,1.6483999999999999
1720,P0ABK9,0,27.1,0.0
1721,P0AAT6,15,4.42,0.6629999999999999
1722,P64461,8,24.03,1.9224
1723,P37661,3,19.01,0.5703
1724,P0A6S0,0,120.82,0.0
1725,P0ACI3,0,56.58,0.0
1726,P0AE67,21,18.86,3.9606
1727,P0ACN7,5,43.56,2.1780000000000004
1728,P13039,2,21.68,0.4336
1729,P64463,15,17.38,2.6069999999999998
1730,P76445,1,30.91,0.3091
1731,P0ACY9,80,19.19,15.352
1732,P0AEH1,4,5.52,0.2208
1733,P0AGA6,41,10.1,4.141
1734,Q06065,8,13.53,1.0824
1735,P23331,41,13.11,5.3751
1736,P23173,4,33.98,1.3592
1737,P16528,1,59.22,0.5922
1738,P56580,1,87.02,0.8702
1739,P39405,1,70.09,0.7009000000000001
1740,P0CG19,12,62.99,7.5588
1741,P32684,2,75.68,1.5136
1742,P00892,13,19.34,2.5141999999999998
1743,P09549,21,17.8,3.7380000000000004
1744,P0AEM6,1,52.46,0.5246
1745,P26365,6,63.58,3.8148
1746,P77611,5,15.41,0.7705000000000001
1747,P0ABF4,18,15.15,2.727
1748,P10442,22,66.16,14.5552
1749,P33590,1,41.48,0.41479999999999995
1750,P07363,1,61.01,0.6101
1751,P76121,23,83.47,19.1981
1752,P65367,178,10.78,19.188399999999998
1753,P0ACK8,15,15.33,2.2995
1754,P0A6A0,3,31.43,0.9429000000000001
1755,P16095,3,38.74,1.1622000000000001
1756,Q46919,78,11.83,9.2274
1757,P0AEN4,26,26.7,6.942
1758,P75906,4,62.95,2.5180000000000002
1759,P52074,32,9.11,2.9152
1760,P75954,12,24.88,2.9856
1761,P64585,15,22.65,3.3974999999999995
1762,P76350,2,12.21,0.24420000000000003
1763,P75829,1,51.37,0.5136999999999999
1764,P45771,3,14.23,0.42690000000000006
1765,P23200,8,20.19,1.6152000000000002
1766,P36560,0,1.25,0.0
1767,P02916,1,59.41,0.5941
1768,Q6BF16,0,0.82,0.0
1769,P0AEL0,0,94.91,0.0
1770,P21345,1,100.28,1.0028
1771,P69739,0,56.17,0.0
1772,P25748,0,78.72,0.0
1773,P0A996,0,112.79,0.0
1774,P76440,2,78.44,1.5688
1775,P0AAZ4,5,24.11,1.2054999999999998
1776,P0ADB7,41705,15.97,6660.288500000001
1777,P0ADA7,6467,14.92,964.8764
1778,P0A7Q6,895,53.31,477.1245
1779,P0A6D0,418,9.55,39.919000000000004
1780,P0A898,20,56.84,11.368
1781,Q6E0U3,63,12.35,7.7805
1782,P0AFT2,69,28.71,19.809900000000003
1783,P39298,94,6.04,5.6776
1784,P0ABG1,29,11.77,3.4133
1785,P68699,145,13.66,19.807
1786,P0AD24,151,8.27,12.4877
1787,P18393,39,19.96,7.7844
1788,P0AF52,80,49.07,39.256
1789,P0A890,292,5.94,17.3448
1790,P37750,120,22.92,27.504
1791,P0ACV6,31,77.95,24.164500000000004
1792,P0A8Z7,45,27.75,12.4875
1793,P0AEH3,73,8.84,6.4532
1794,P64616,42,12.18,5.1156
1795,P41052,14,22.31,3.1233999999999997
1796,P76194,10,34.79,3.479
1797,P39337,68,6.41,4.3588000000000005
1798,P0ACV4,135,29.65,40.027499999999996
1799,P0C960,68,9.75,6.63
1800,P0A8R7,21,13.7,2.877
1801,P68567,19,10.41,1.9779
1802,P0AE39,11,30.33,3.3362999999999996
1803,P67697,62,16.64,10.316799999999999
1804,P31801,13,0.87,0.11309999999999999
1805,P0AD07,114,25.01,28.5114
1806,P0AFE4,90,20.06,18.054
1807,P0AAV4,122,13.68,16.689600000000002
1808,P0C066,1,24.23,0.24230000000000002
1809,P45469,10,27.68,2.768
1810,P0A7Q1,47,45.43,21.3521
1811,P0AFP4,15,8.73,1.3095
1812,P31680,2,139.88,2.7976
1813,P0AFK6,27,5.97,1.6118999999999999
1814,P0AC16,90,29.97,26.972999999999995
1815,P0AFF0,21,14.3,3.003
1816,P0A9H5,125,8.46,10.575000000000001
1817,P0AFS3,30,7.7,2.31
1818,P76062,81,16.52,13.381199999999998
1819,P0ADV9,57,26.28,14.979600000000001
1820,P33647,104,10.14,10.5456
1821,P0A8Z0,22,4.28,0.9416000000000001
1822,P37637,0,104.42,0.0
1823,P08245,44,14.04,6.1776
1824,P46859,4,6.45,0.258
1825,P76001,14,17.11,2.3954
1826,D8FH86,22,17.23,3.7906000000000004
1827,P0AAW1,8,9.77,0.7816
1828,P69910,24,29.4,7.055999999999999
1829,P0AB49,3,35.37,1.0611
1830,P77615,35,16.42,5.747000000000001
1831,P0A6V5,5,9.52,0.476
1832,Q46864,25,22.86,5.715
1833,P0A8C1,87,8.29,7.212299999999999
1834,P0AFW0,47,22.15,10.410499999999999
1835,P0AD44,3,22.2,0.666
1836,P0AGJ7,15,21.33,3.1995
1837,P39321,2,9.28,0.1856
1838,P64488,2,40.04,0.8008
1839,P61887,3,108.5,3.255
1840,P76502,23,23.61,5.4303
1841,E1MTY0,14,17.51,2.4514
1842,P0A8N0,34,46.91,15.949399999999999
1843,P0AFA7,0,155.56,0.0
1844,P77526,34,7.61,2.5874
1845,P0AFY6,2,23.85,0.47700000000000004
1846,P77302,12,7.04,0.8448
1847,P51024,55,12.83,7.0565
1848,P0AD57,65,9.21,5.986500000000001
1849,P0A8V0,4,10.45,0.418
1850,P68688,139,15.32,21.294800000000002
1851,P0AFJ5,10,19.98,1.998
1852,P0AEG1,60,16.76,10.056000000000001
1853,P24224,40,8.5,3.4000000000000004
1854,P76342,14,24.75,3.465
1855,P0AEY3,5,26.21,1.3105
1856,P0ACX5,21,39.65,8.3265
1857,P0AAX3,14,33.86,4.7404
1858,P62672,20,3.59,0.718
1859,P45531,20,16.68,3.3360000000000003
1860,P39334,60,12.84,7.703999999999999
1861,P76561,42,44.58,18.723599999999998
1862,P0ACS7,26,15.31,3.9806000000000004
1863,P76223,12,8.96,1.0752000000000002
1864,P76231,36,15.77,5.6772
1865,P32173,14,18.23,2.5522
1866,P39161,9,11.2,1.008
1867,P32685,106,8.75,9.274999999999999
1868,P77182,4,46.97,1.8788
1869,P33644,9,38.78,3.4902
1870,P06966,21,15.01,3.1521000000000003
1871,P0AFX7,30,47.69,14.307
1872,P43337,11,24.87,2.7357
1873,P68739,14,30.09,4.2126
1874,P0A8D3,24,17.12,4.1088000000000005
1875,P75958,1,13.06,0.1306
1876,P0ABR1,12,11.94,1.4327999999999999
1877,P31550,19,5.23,0.9937000000000001
1878,P76318,1,91.38,0.9138
1879,P0A9G4,53,29.08,15.4124
1880,P30128,1,22.68,0.2268
1881,P76273,81,14.66,11.874600000000001
1882,P36673,4,10.77,0.43079999999999996
1883,P76237,3,27.44,0.8232000000000002
1884,P64610,8,45.92,3.6736
1885,P75974,4,40.92,1.6368
1886,P21365,5,29.66,1.4829999999999999
1887,P52060,23,13.81,3.1763
1888,P33014,4549,55.64,2531.0636
1889,Q47083,5,31.29,1.5645
1890,P24207,40,15.5,6.2
1891,P76007,2,29.54,0.5908
1892,P27300,4,9.97,0.39880000000000004
1893,P32125,7,35.53,2.4871
1894,P60872,1,130.7,1.307
1895,P0AFE8,6,14.86,0.8916
1896,P76164,53,18.62,9.8686
1897,P27837,4,3.66,0.1464
1898,P60782,1,136.46,1.3646
1899,P42626,4,87.91,3.5164
1900,P00936,3,8.16,0.24480000000000002
1901,P42904,20,13.8,2.7600000000000002
1902,P0A6S5,12,53.07,6.368399999999999
1903,P24252,0,0.35,0.0
1904,P28631,8,1.38,0.1104
1905,P60720,12,71.56,8.5872
1906,P69346,43,20.14,8.6602
1907,P21369,51,34.5,17.595
1908,P75839,8,18.97,1.5175999999999998
1909,P23842,1,7.16,0.0716
1910,P09126,13,13.82,1.7965999999999998
1911,P75989,2,19.14,0.38280000000000003
1912,P0A6M4,5,31.17,1.5585000000000002
1913,P07648,1,32.04,0.3204
1914,P38051,3,11.71,0.35130000000000006
1915,Q46798,2,11.47,0.22940000000000002
1916,P08550,7,38.71,2.7096999999999998
1917,P0A9W0,17,8.96,1.5232
1918,P32160,6,12.0,0.72
1919,P07013,0,165.62,0.0
1920,P27242,2,28.35,0.5670000000000001
1921,P65294,51,59.15,30.166500000000003
1922,P24230,2,72.75,1.455
1923,P03813,14,66.69,9.336599999999999
1924,P22939,7,32.6,2.282
1925,P41039,3,98.12,2.9436
1926,P0AES2,1,36.04,0.3604
1927,P75746,12,86.02,10.3224
1928,D4HZR9,2,11.87,0.23739999999999997
1929,P42596,1,83.17,0.8317
1930,P76575,51,77.93,39.7443
1931,P0A8P8,6,27.16,1.6296
1932,P37590,43,14.45,6.2135
1933,P0AFW2,121,24.35,29.463500000000003
1934,P32177,1,28.28,0.2828
1935,P76537,28,11.28,3.1584
1936,P0A843,9,8.61,0.7748999999999999
1937,Q6BEX0,1,35.68,0.3568
1938,P33015,1,17.49,0.17489999999999997
1939,P77562,0,140.77,0.0
1940,P14376,0,58.53,0.0
1941,P51020,10,20.79,2.079
1942,P45468,6,13.95,0.837
1943,P63340,0,157.66,0.0
1944,P23522,8,74.43,5.954400000000001
1945,P0AGF4,1,31.55,0.3155
1946,P0A8Y1,9,63.86,5.7474
1947,P46474,1,44.03,0.4403
1948,P0C7L2,13,17.1,2.2230000000000003
1949,P0AD40,22,20.83,4.582599999999999
1950,P31129,1,7.65,0.0765
1951,P69681,0,85.69,0.0
1952,P0AE45,9,44.48,4.0032
1953,P75767,2,31.15,0.623
1954,P0AFA9,3,59.02,1.7706000000000002
1955,P0AB96,1,61.01,0.6101
1956,P64490,7,23.7,1.6589999999999998
1957,P0ABJ6,59,14.34,8.4606
1958,P50465,0,85.31,0.0
1959,P0AEB5,3,15.62,0.4686
1960,P17802,1,34.15,0.34149999999999997
1961,P37182,9,31.39,2.8251
1962,P76172,2,14.72,0.2944
1963,P55135,1,46.95,0.46950000000000003
1964,P0AD37,11,25.41,2.7950999999999997
1965,P0AD65,7,35.88,2.5116
1966,P18392,3,7.68,0.2304
1967,Q46802,2,36.19,0.7238
1968,P0A8P6,9,33.9,3.0509999999999997
1969,P05704,0,51.39,0.0
1970,Q2A0K9,0,1.05,0.0
1971,P76076,4,24.36,0.9743999999999999
1972,P76079,1,97.19,0.9719
1973,P0AG71,1,31.21,0.3121
1974,P37052,2,15.4,0.308
1975,P67699,46,23.89,10.9894
1976,P25798,0,20.42,0.0
1977,P76078,0,0.53,0.0
1978,P31697,1,16.46,0.1646
1979,P0A8H8,52,24.64,12.812800000000001
1980,P52062,1,78.63,0.7863
1981,P07021,2,42.88,0.8576
1982,P0A9T6,7,11.83,0.8281000000000001
1983,P05523,0,82.16,0.0
1984,P27243,2,115.62,2.3124000000000002
1985,P38104,0,50.62,0.0
1986,P60955,4,47.9,1.916
1987,P0ABT5,7,8.85,0.6194999999999999
1988,P0AD01,4,14.86,0.5943999999999999
1989,P09155,9,82.03,7.3827
1990,P27250,2,35.7,0.7140000000000001
1991,P0AFT5,9,29.6,2.6640000000000006
1992,P37348,0,4.22,0.0
1993,P0ACS9,9,38.5,3.465
1994,P77398,3,25.21,0.7563
1995,P77293,1,26.3,0.263
1996,P52613,15,22.37,3.3555
1997,P0AEM4,11,35.22,3.8742
1998,P0AE14,6,6.12,0.3672
1999,P08368,7,15.14,1.0598
2000,P0AAA9,0,0.3,0.0
2001,P28905,2,22.75,0.455
2002,P76398,0,96.68,0.0
2003,P21517,0,16.95,0.0
2004,P75952,1,56.86,0.5686
2005,P0AGC0,0,44.71,0.0
2006,P38506,2,33.58,0.6716
2007,P67660,3,77.32,2.3195999999999994
2008,P0AAS9,2,79.93,1.5986000000000002
2009,P0AG76,18,47.4,8.532
2010,P23305,5,12.95,0.6475
2011,P0A6L7,2,41.96,0.8392000000000001
2012,P0AFI5,0,0.84,0.0
2013,P76446,0,96.87,0.0
2014,P0AC78,4,14.32,0.5728
2015,P11350,0,1.48,0.0
2016,P37147,0,134.2,0.0
2017,P33607,3,30.98,0.9294
2018,P77304,0,0.49,0.0
2019,P0AEF8,21,3.24,0.6804000000000001
2020,P67624,0,7.18,0.0
2021,P60869,0,84.31,0.0
2022,P0AD14,2,90.31,1.8062
2023,P76085,0,121.6,0.0
2024,P24177,1,29.83,0.2983
2025,P0A8U0,42,7.89,3.3138
2026,P0AAY6,41,9.41,3.8581000000000003
2027,P0A7B3,9,30.4,2.7359999999999998
2028,P77783,0,136.12,0.0
2029,P36930,6,21.64,1.2984
2030,P76387,0,1.23,0.0
2031,P39384,0,111.61,0.0
2032,P71298,0,165.65,0.0
2033,P37613,4,17.28,0.6912
2034,P0A710,1,29.3,0.293
2035,P63883,0,40.71,0.0
2036,P0C0T5,1,29.42,0.2942
2037,P52073,23,29.14,6.7021999999999995
2038,P76081,0,1.29,0.0
2039,P11349,0,152.32,0.0
2040,Q2M7X4,0,0.95,0.0
2041,P77252,0,153.4,0.0
2042,P76344,1,38.49,0.3849
2043,P75804,1,86.51,0.8651000000000001
2044,P75828,1,33.61,0.3361
2045,P33371,0,165.76,0.0
2046,P52097,4,34.82,1.3928
2047,P63284,0,35.74,0.0
2048,P0AEL3,0,155.02,0.0
2049,P75822,2,98.57,1.9713999999999998
2050,P0ACX9,1,97.73,0.9773000000000001
2051,P0A6X1,0,87.52,0.0
2052,P14294,1,36.1,0.361
2053,P0ACS2,0,170.1,0.0
2054,P0AA97,1,20.47,0.2047
2055,P0AB83,6,11.14,0.6684
2056,P23862,11,7.01,0.7710999999999999
2057,P77433,2,48.76,0.9752
